title,date,author
Looking Back at 2019,"January 30, 2020 ",Attila Tóth
How to use a proxy in Puppeteer,"January 23, 2020 ",Attila Tóth
How to leverage alternative data in asset management,"January 09, 2020 ",Marie Moynihan
Building Blocks of an Unstoppable Web Scraping Infrastructure,"December 19, 2019 ",Attila Tóth
Backconnect Proxy: Explanation & Comparison To Other Proxies,"December 10, 2019 ",Attila Tóth
4 Sectors That Benefited Most from Business Intelligence Software,"December 04, 2019 ",Louie Andre
Price Scraping: The Best Free Tool To Scrape Prices,"November 26, 2019 ",Attila Tóth
How to use Crawlera with Scrapy,"November 14, 2019 ",Attila Tóth
"Scrapy, Matplotlib and MySQL: Real Estate Data Analysis","November 07, 2019 ",Attila Tóth
Web Scraping Questions & Answers Part II,"October 17, 2019 ",Attila Tóth
